ID,deltaQ,HL_k,HL_k1,
Rule1,NL,VL,VL,
Rule2,NL,L-VL,VL,
Rule3,NL,L,VL,
Rule4,NL,M-L,L-VL,
Rule5,NL,M,L,
Rule6,NL,H-M,M-L,
Rule7,NL,H,M,
Rule8,NL,VH-H,H-M,
Rule9,NL,VH,H,
Rule10,N,VL,VL,
Rule11,N,L-VL,VL,
Rule12,N,L,L-VL,
Rule13,N,M-L,L,
Rule14,N,M,M-L,
Rule15,N,H-M,M,
Rule16,N,H,H-M,
Rule17,N,VH-H,H,
Rule18,N,VH,VH-H,
Rule19,Z,VL,VL,
Rule20,Z,L-VL,L-VL,
Rule21,Z,L,L,
Rule22,Z,M-L,M-L,
Rule23,Z,M,M,
Rule24,Z,H-M,H-M,
Rule25,Z,H,H,
Rule26,Z,VH-H,VH-H,
Rule27,Z,VH,VH,
Rule28,P,VL,L-VL,
Rule29,P,L-VL,L,0.425
Rule30,P,L,M-L,
Rule31,P,M-L,M,
Rule32,P,M,H-M,
Rule33,P,H-M,H,
Rule34,P,H,VH-H,
Rule35,P,VH-H,VH,
Rule36,P,VH,VH,
Rule37,PL,VL,L,
Rule38,PL,L-VL,M-L,
Rule39,PL,L,M,
Rule40,PL,M-L,H-M,
Rule41,PL,M,H,
Rule42,PL,H-M,VH-H,
Rule43,PL,H,VH,
Rule44,PL,VH-H,VH,
Rule45,PL,VH,VH,
