ID,HL_kp,HV_kp,deltaTL,HL_f,HV_f
Rule1,VL,VL,NL,VL,L
Rule2,VL,L,NL,VL,M
Rule3,VL,M,NL,VL,H
Rule4,VL,H,NL,VL,VH
Rule5,VL,VH,NL,VL,VH
Rule6,L,VL,NL,VL,L
Rule7,L,L,NL,VL,M
Rule8,L,M,NL,VL,H
Rule9,L,H,NL,VL,VH
Rule10,L,VH,NL,VL,VH
Rule11,M,VL,NL,L,L
Rule12,M,L,NL,L,M
Rule13,M,M,NL,L,H
Rule14,M,H,NL,L,VH
Rule15,M,VH,NL,L,VH
Rule16,H,VL,NL,M,L
Rule17,H,L,NL,M,M
Rule18,H,M,NL,M,H
Rule19,H,H,NL,M,VH
Rule20,H,VH,NL,M,VH
Rule21,VH,VL,NL,H,L
Rule22,VH,L,NL,H,M
Rule23,VH,M,NL,H,H
Rule24,VH,H,NL,H,VH
Rule25,VH,VH,NL,H,VH
Rule26,VL,VL,N,VL,L-VL
Rule27,VL,L,N,VL,M-L
Rule28,VL,M,N,VL,H-M
Rule29,VL,H,N,VL,VH-H
Rule30,VL,VH,N,VL,VH
Rule31,L,VL,N,L-VL,L-VL
Rule32,L,L,N,L-VL,M-L
Rule33,L,M,N,L-VL,H-M
Rule34,L,H,N,L-VL,VH-H
Rule35,L,VH,N,L-VL,VH
Rule36,M,VL,N,M-L,L-VL
Rule37,M,L,N,M-L,M-L
Rule38,M,M,N,M-L,H-M
Rule39,M,H,N,M-L,VH-H
Rule40,M,VH,N,M-L,VH
Rule41,H,VL,N,H-M,L-VL
Rule42,H,L,N,H-M,M-L
Rule43,H,M,N,H-M,H-M
Rule44,H,H,N,H-M,VH-H
Rule45,H,VH,N,H-M,VH
Rule46,VH,VL,N,VH-H,L-VL
Rule47,VH,L,N,VH-H,M-L
Rule48,VH,M,N,VH-H,H-M
Rule49,VH,H,N,VH-H,VH-H
Rule50,VH,VH,N,VH-H,VH
Rule51,VL,VL,Z,VL,VL
Rule52,VL,L,Z,VL,L
Rule53,VL,M,Z,VL,M
Rule54,VL,H,Z,VL,H
Rule55,VL,VH,Z,VL,VH
Rule56,L,VL,Z,L,VL
Rule57,L,L,Z,L,L
Rule58,L,M,Z,L,M
Rule59,L,H,Z,L,H
Rule60,L,VH,Z,L,VH
Rule61,M,VL,Z,M,VL
Rule62,M,L,Z,M,L
Rule63,M,M,Z,M,M
Rule64,M,H,Z,M,H
Rule65,M,VH,Z,M,VH
Rule66,H,VL,Z,H,VL
Rule67,H,L,Z,H,L
Rule68,H,M,Z,H,M
Rule69,H,H,Z,H,H
Rule70,H,VH,Z,H,VH
Rule71,VH,VL,Z,VH,VL
Rule72,VH,L,Z,VH,L
Rule73,VH,M,Z,VH,M
Rule74,VH,H,Z,VH,H
Rule75,VH,VH,Z,VH,VH
Rule76,VL,VL,P,L-VL,VL
Rule77,VL,L,P,L-VL,L-VL
Rule78,VL,M,P,L-VL,M-L
Rule79,VL,H,P,L-VL,H-M
Rule80,VL,VH,P,L-VL,VH-H
Rule81,L,VL,P,M-L,VL
Rule82,L,L,P,M-L,L-VL
Rule83,L,M,P,M-L,M-L
Rule84,L,H,P,M-L,H-M
Rule85,L,VH,P,M-L,VH-H
Rule86,M,VL,P,H-M,VL
Rule87,M,L,P,H-M,L-VL
Rule88,M,M,P,H-M,M-L
Rule89,M,H,P,H-M,H-M
Rule90,M,VH,P,H-M,VH-H
Rule91,H,VL,P,VH-H,VL
Rule92,H,L,P,VH-H,L-VL
Rule93,H,M,P,VH-H,M-L
Rule94,H,H,P,VH-H,H-M
Rule95,H,VH,P,VH-H,VH-H
Rule96,VH,VL,P,VH,VL
Rule97,VH,L,P,VH,L-VL
Rule98,VH,M,P,VH,M-L
Rule99,VH,H,P,VH,H-M
Rule100,VH,VH,P,VH,VH-H
Rule101,VL,VL,PL,L,VL
Rule102,VL,L,PL,L,VL
Rule103,VL,M,PL,L,L
Rule104,VL,H,PL,L,M
Rule105,VL,VH,PL,L,H
Rule106,L,VL,PL,M,VL
Rule107,L,L,PL,M,VL
Rule108,L,M,PL,M,L
Rule109,L,H,PL,M,M
Rule110,L,VH,PL,M,H
Rule111,M,VL,PL,H-M,VL
Rule112,M,L,PL,H-M,VL
Rule113,M,M,PL,H-M,L
Rule114,M,H,PL,H-M,M
Rule115,M,VH,PL,H-M,H
Rule116,H,VL,PL,VH,VL
Rule117,H,L,PL,VH,VL
Rule118,H,M,PL,VH,L
Rule119,H,H,PL,VH,M
Rule120,H,VH,PL,VH,H
Rule121,VH,VL,PL,VH,VL
Rule122,VH,L,PL,VH,VL
Rule123,VH,M,PL,VH,L
Rule124,VH,H,PL,VH,M
Rule125,VH,VH,PL,VH,H
