ID,Qvin_k,Qvout_k,HV_k,HV_k1
Rule1,VL,VL,VL,VL
Rule2,VL,L,VL,VLL
Rule3,VL,M,VL,VLLL
Rule4,VL,H,VL,VLLLL
Rule5,VL,VH,VL,VLLLLL
Rule6,L,VL,VL,L
Rule7,L,L,VL,VL
Rule8,L,M,VL,VLL
Rule9,L,H,VL,VLLL
Rule10,L,VH,VL,VLLLL
Rule11,M,VL,VL,M
Rule12,M,L,VL,L
Rule13,M,M,VL,VL
Rule14,M,H,VL,VLL
Rule15,M,VH,VL,VLLL
Rule16,H,VL,VL,H
Rule17,H,L,VL,M
Rule18,H,M,VL,L
Rule19,H,H,VL,VL
Rule20,H,VH,VL,VLL
Rule21,VH,VL,VL,VH
Rule22,VH,L,VL,H
Rule23,VH,M,VL,M
Rule24,VH,H,VL,L
Rule25,VH,VH,VL,VL
Rule26,VL,VL,L,L
Rule27,VL,L,L,VL
Rule28,VL,M,L,VLL
Rule29,VL,H,L,VLLL
Rule30,VL,VH,L,VLLLL
Rule31,L,VL,L,M
Rule32,L,L,L,L
Rule33,L,M,L,VL
Rule34,L,H,L,VLL
Rule35,L,VH,L,VLLL
Rule36,M,VL,L,H
Rule37,M,L,L,M
Rule38,M,M,L,L
Rule39,M,H,L,VL
Rule40,M,VH,L,VLL
Rule41,H,VL,L,VH
Rule42,H,L,L,H
Rule43,H,M,L,M
Rule44,H,H,L,L
Rule45,H,VH,L,VL
Rule46,VH,VL,L,VHH
Rule47,VH,L,L,VH
Rule48,VH,M,L,H
Rule49,VH,H,L,M
Rule50,VH,VH,L,L
Rule51,VL,VL,M,M
Rule52,VL,L,M,L
Rule53,VL,M,M,VL
Rule54,VL,H,M,VLL
Rule55,VL,VH,M,VLLL
Rule56,L,VL,M,H
Rule57,L,L,M,M
Rule58,L,M,M,L
Rule59,L,H,M,VL
Rule60,L,VH,M,VLL
Rule61,M,VL,M,VH
Rule62,M,L,M,H
Rule63,M,M,M,M
Rule64,M,H,M,L
Rule65,M,VH,M,VL
Rule66,H,VL,M,VHH
Rule67,H,L,M,VH
Rule68,H,M,M,H
Rule69,H,H,M,M
Rule70,H,VH,M,L
Rule71,VH,VL,M,VHHH
Rule72,VH,L,M,VHH
Rule73,VH,M,M,VH
Rule74,VH,H,M,H
Rule75,VH,VH,M,M
Rule76,VL,VL,H,H
Rule77,VL,L,H,M
Rule78,VL,M,H,L
Rule79,VL,H,H,VL
Rule80,VL,VH,H,VLL
Rule81,L,VL,H,VH
Rule82,L,L,H,H
Rule83,L,M,H,M
Rule84,L,H,H,L
Rule85,L,VH,H,VL
Rule86,M,VL,H,VHH
Rule87,M,L,H,VH
Rule88,M,M,H,H
Rule89,M,H,H,M
Rule90,M,VH,H,L
Rule91,H,VL,H,VHHH
Rule92,H,L,H,VHH
Rule93,H,M,H,VH
Rule94,H,H,H,H
Rule95,H,VH,H,M
Rule96,VH,VL,H,VHHHH
Rule97,VH,L,H,VHHH
Rule98,VH,M,H,VHH
Rule99,VH,H,H,VH
Rule100,VH,VH,H,H
Rule101,VL,VL,VH,VH
Rule102,VL,L,VH,H
Rule103,VL,M,VH,M
Rule104,VL,H,VH,L
Rule105,VL,VH,VH,VL
Rule106,L,VL,VH,VHH
Rule107,L,L,VH,VH
Rule108,L,M,VH,H
Rule109,L,H,VH,M
Rule110,L,VH,VH,L
Rule111,M,VL,VH,VHHH
Rule112,M,L,VH,VHH
Rule113,M,M,VH,VH
Rule114,M,H,VH,H
Rule115,M,VH,VH,M
Rule116,H,VL,VH,VHHHH
Rule117,H,L,VH,VHHH
Rule118,H,M,VH,VHH
Rule119,H,H,VH,VH
Rule120,H,VH,VH,H
Rule121,VH,VL,VH,VHHHHH
Rule122,VH,L,VH,VHHHH
Rule123,VH,M,VH,VHHH
Rule124,VH,H,VH,VHH
Rule125,VH,VH,VH,VH
