ID,H_V_k,H_L_k,P_bot,P_top,Qvout_k,Qlout_k
Rule1,L,L,L,L,L,L
Rule2,M,L,L,L,L,L-VL
Rule3,H,L,L,L,L,VL
Rule4,L,M,L,L,L,M
Rule5,L,H,L,L,L,H
Rule6,M,H,L,L,L,H-M
Rule7,H,M,L,L,L,L
Rule8,H,H,L,L,L,M
Rule9,M,M,L,L,L,M-L
Rule10,L,L,L,M,L,VL
Rule11,M,L,L,M,L,VL
Rule12,H,L,L,M,L,VL
Rule13,L,M,L,M,L,L
Rule14,L,H,L,M,L,M
Rule15,M,H,L,M,L,M-L
Rule16,H,M,L,M,L,VL
Rule17,H,H,L,M,L,L
Rule18,M,M,L,M,L,L-VL
Rule19,L,L,L,H,L,VL
Rule20,M,L,L,H,L,VL
Rule21,H,L,L,H,L,VL
Rule22,L,M,L,H,L,VL
Rule23,L,H,L,H,L,L-VL
Rule24,M,H,L,H,L,L-VL
Rule25,H,M,L,H,L,VL
Rule26,H,H,L,H,L,VL
Rule27,M,M,L,H,L,VL
Rule28,L,L,M,L,L,L
Rule29,M,L,M,L,M,L-VL
Rule30,H,L,M,L,H,VL
Rule31,L,M,M,L,L,M
Rule32,L,H,M,L,L,H
Rule33,M,H,M,L,L,H-M
Rule34,H,M,M,L,H-M,L
Rule35,H,H,M,L,M,M
Rule36,M,M,M,L,M-L,M-L
Rule37,L,L,M,M,L,L
Rule38,M,L,M,M,L,L-VL
Rule39,H,L,M,M,L,VL
Rule40,L,M,M,M,L,M
Rule41,L,H,M,M,L,H
Rule42,M,H,M,M,L,H-M
Rule43,H,M,M,M,L,L
Rule44,H,H,M,M,L,M
Rule45,M,M,M,M,L,M-L
Rule46,L,L,M,H,L,VL
Rule47,M,L,M,H,L,VL
Rule48,H,L,M,H,L,VL
Rule49,L,M,M,H,L,L
Rule50,L,H,M,H,L,M
Rule51,M,H,M,H,L,M-L
Rule52,H,M,M,H,L,VL
Rule53,H,H,M,H,L,L
Rule54,M,M,M,H,L,L-VL
Rule55,L,L,H,L,H,VL
Rule56,M,L,H,L,H,VL
Rule57,H,L,H,L,H,VL
Rule58,L,M,H,L,H,VL
Rule59,L,H,H,L,H,VL
Rule60,M,H,H,L,H,VL
Rule61,H,M,H,L,H,VL
Rule62,H,H,H,L,H,VL
Rule63,M,M,H,L,H,VL
Rule64,L,L,H,M,L,M-L
Rule65,M,L,H,M,M-L,L
Rule66,H,L,H,M,H-M,L-VL
Rule67,L,M,H,M,L,H-M
Rule68,L,H,H,M,L,VH-H
Rule69,M,H,H,M,L,H
Rule70,H,M,H,M,M,M-L
Rule71,H,H,H,M,M-L,H-M
Rule72,M,M,H,M,L,M
Rule73,L,L,H,H,L,L
Rule74,M,L,H,H,L,L-VL
Rule75,H,L,H,H,L,VL
Rule76,L,M,H,H,L,M
Rule77,L,H,H,H,L,H
Rule78,M,H,H,H,L,H-M
Rule79,H,M,H,H,L,L
Rule80,H,H,H,H,L,M
Rule81,M,M,H,H,L,M-L
Rule82,L,L,VH,L,H,VL
Rule83,M,L,VH,L,H,VL
Rule84,H,L,VH,L,H,VL
Rule85,L,M,VH,L,H,VL
Rule86,L,H,VH,L,H,VL
Rule87,M,H,VH,L,H,VL
Rule88,H,M,VH,L,H,VL
Rule89,H,H,VH,L,H,VL
Rule90,M,M,VH,L,H,VL
Rule91,L,L,VH,M,H,VL
Rule92,M,L,VH,M,H,VL
Rule93,H,L,VH,M,H,VL
Rule94,L,M,VH,M,H,VL
Rule95,L,H,VH,M,H,VL
Rule96,M,H,VH,M,H,VL
Rule97,H,M,VH,M,H,VL
Rule98,H,H,VH,M,H,VL
Rule99,M,M,VH,M,H,VL
Rule100,L,L,VH,H,L,L
Rule101,M,L,VH,H,M-L,L
Rule102,H,L,VH,H,H-M,L-VL
Rule103,L,M,VH,H,L,M
Rule104,L,H,VH,H,L,H
Rule105,M,H,VH,H,L,H
Rule106,H,M,VH,H,M,M-L
Rule107,H,H,VH,H,M-L,H-M
Rule108,M,M,VH,H,M,M
