ID,deltaQ,HL_k,HL_k1
Rule1,NL,VL,VL
Rule2,NL,L-VL,VL
Rule3,NL,L,VL
Rule4,NL,M-L,VL
Rule5,NL,M,VL
Rule6,NL,H-M,VL
Rule7,NL,H,VL
Rule8,NL,VH-H,VL
Rule9,NL,VH,VL
Rule10,N,VL,VL
Rule11,N,L-VL,VL
Rule12,N,L,VL
Rule13,N,M-L,VL
Rule14,N,M,VL
Rule15,N,H-M,L-VL
Rule16,N,H,L
Rule17,N,VH-H,M-L
Rule18,N,VH,M
Rule19,Z,VL,VL
Rule20,Z,L-VL,L-VL
Rule21,Z,L,L
Rule22,Z,M-L,M-L
Rule23,Z,M,M
Rule24,Z,H-M,H-M
Rule25,Z,H,H
Rule26,Z,VH-H,VH-H
Rule27,Z,VH,VH
Rule28,P,VL,M
Rule29,P,L-VL,H-M
Rule30,P,L,H
Rule31,P,M-L,VH-H
Rule32,P,M,VH
Rule33,P,H-M,VH
Rule34,P,H,VH
Rule35,P,VH-H,VH
Rule36,P,VH,VH
Rule37,PL,VL,VH
Rule38,PL,L-VL,VH
Rule39,PL,L,VH
Rule40,PL,M-L,VH
Rule41,PL,M,VH
Rule42,PL,H-M,VH
Rule43,PL,H,VH
Rule44,PL,VH-H,VH
Rule45,PL,VH,VH
